[{"model": "qnA.topic", "pk": 59, "fields": {"topic": "witty"}}, {"model": "qnA.topic", "pk": 60, "fields": {"topic": "remarks"}}, {"model": "qnA.topic", "pk": 61, "fields": {"topic": "cricket"}}, {"model": "qnA.topic", "pk": 62, "fields": {"topic": "match"}}, {"model": "qnA.topic", "pk": 63, "fields": {"topic": "mind-blowing"}}, {"model": "qnA.topic", "pk": 64, "fields": {"topic": "worst"}}, {"model": "qnA.topic", "pk": 65, "fields": {"topic": "commentators"}}, {"model": "qnA.topic", "pk": 66, "fields": {"topic": "gentlemanly"}}, {"model": "qnA.topic", "pk": 67, "fields": {"topic": "cricketer"}}, {"model": "qnA.topic", "pk": 68, "fields": {"topic": "team"}}, {"model": "qnA.topic", "pk": 69, "fields": {"topic": "players"}}, {"model": "qnA.topic", "pk": 70, "fields": {"topic": "time"}}, {"model": "qnA.topic", "pk": 71, "fields": {"topic": "footballer"}}, {"model": "qnA.topic", "pk": 72, "fields": {"topic": "favorite"}}, {"model": "qnA.topic", "pk": 73, "fields": {"topic": "football"}}, {"model": "qnA.topic", "pk": 74, "fields": {"topic": "player"}}, {"model": "qnA.topic", "pk": 75, "fields": {"topic": "underrated"}}, {"model": "qnA.topic", "pk": 76, "fields": {"topic": "overrated"}}, {"model": "qnA.topic", "pk": 77, "fields": {"topic": "start"}}, {"model": "qnA.topic", "pk": 78, "fields": {"topic": "learning"}}, {"model": "qnA.topic", "pk": 79, "fields": {"topic": "python"}}, {"model": "qnA.topic", "pk": 80, "fields": {"topic": "learn"}}, {"model": "qnA.topic", "pk": 81, "fields": {"topic": "sites"}}, {"model": "qnA.topic", "pk": 82, "fields": {"topic": "chelsea"}}, {"model": "qnA.topic", "pk": 83, "fields": {"topic": "fc"}}, {"model": "qnA.topic", "pk": 84, "fields": {"topic": "wrong"}}, {"model": "qnA.topic", "pk": 85, "fields": {"topic": "transfer"}}, {"model": "qnA.topic", "pk": 86, "fields": {"topic": "options"}}, {"model": "qnA.question", "pk": 62, "fields": {"vote_score": 1, "num_vote_up": 1, "num_vote_down": 0, "title": "What are some of the witty remarks made by the commentators during a cricket match?", "slug": "what-are-some-of-the-witty-remarks-made-by-the-com", "user": 15, "is_anonymous": false, "created_date": "2020-07-07T20:01:06.592Z", "updated_date": "2020-07-07T20:07:10.632Z", "rank": 0.0, "topics": [59, 60, 61, 62]}}, {"model": "qnA.question", "pk": 63, "fields": {"vote_score": 0, "num_vote_up": 0, "num_vote_down": 0, "title": "What are some mind-blowing facts about cricket?", "slug": "what-are-some-mind-blowing-facts-about-cricket", "user": 15, "is_anonymous": false, "created_date": "2020-07-07T20:01:27.574Z", "updated_date": "2020-07-07T20:01:27.574Z", "rank": 0.0, "topics": [61, 63]}}, {"model": "qnA.question", "pk": 64, "fields": {"vote_score": 2, "num_vote_up": 2, "num_vote_down": 0, "title": "Who are the worst cricket commentators, and why?", "slug": "who-are-the-worst-cricket-commentators-and-why", "user": 15, "is_anonymous": true, "created_date": "2020-07-07T20:01:41.649Z", "updated_date": "2020-07-07T20:03:25.606Z", "rank": 0.0, "topics": [61, 64, 65]}}, {"model": "qnA.question", "pk": 65, "fields": {"vote_score": 0, "num_vote_up": 0, "num_vote_down": 0, "title": "Who is the most gentlemanly cricketer ever?", "slug": "who-is-the-most-gentlemanly-cricketer-ever", "user": 14, "is_anonymous": false, "created_date": "2020-07-07T20:02:25.684Z", "updated_date": "2020-07-07T20:02:25.684Z", "rank": 0.0, "topics": [66, 67]}}, {"model": "qnA.question", "pk": 66, "fields": {"vote_score": 0, "num_vote_up": 0, "num_vote_down": 0, "title": "How many players are there in a cricket team?", "slug": "how-many-players-are-there-in-a-cricket-team", "user": 14, "is_anonymous": false, "created_date": "2020-07-07T20:02:40.740Z", "updated_date": "2020-07-07T20:02:40.740Z", "rank": 0.0, "topics": [61, 68, 69]}}, {"model": "qnA.question", "pk": 67, "fields": {"vote_score": 5, "num_vote_up": 5, "num_vote_down": 0, "title": "Who is the all time best footballer?", "slug": "who-is-the-all-time-best-footballer", "user": 14, "is_anonymous": true, "created_date": "2020-07-07T20:02:55.012Z", "updated_date": "2020-07-07T20:19:22.223Z", "rank": 0.0, "topics": [70, 71]}}, {"model": "qnA.question", "pk": 68, "fields": {"vote_score": 0, "num_vote_up": 0, "num_vote_down": 0, "title": "Who is your favorite football player?", "slug": "who-is-your-favorite-football-player", "user": 16, "is_anonymous": false, "created_date": "2020-07-07T20:03:39.025Z", "updated_date": "2020-07-07T20:03:39.025Z", "rank": 0.0, "topics": [72, 73, 74]}}, {"model": "qnA.question", "pk": 69, "fields": {"vote_score": 0, "num_vote_up": 0, "num_vote_down": 0, "title": "Which is the best football team and why?", "slug": "which-is-the-best-football-team-and-why", "user": 16, "is_anonymous": false, "created_date": "2020-07-07T20:03:52.362Z", "updated_date": "2020-07-07T20:03:52.362Z", "rank": 0.0, "topics": [68, 73]}}, {"model": "qnA.question", "pk": 70, "fields": {"vote_score": 1, "num_vote_up": 1, "num_vote_down": 0, "title": "Who is the most overrated or underrated footballer of all time?", "slug": "who-is-the-most-overrated-or-underrated-footballer", "user": 17, "is_anonymous": true, "created_date": "2020-07-07T20:04:49.205Z", "updated_date": "2020-07-07T20:15:04.172Z", "rank": 0.0, "topics": [71, 75, 76]}}, {"model": "qnA.question", "pk": 71, "fields": {"vote_score": 1, "num_vote_up": 1, "num_vote_down": 0, "title": "How should I start learning Python?", "slug": "how-should-i-start-learning-python", "user": 17, "is_anonymous": true, "created_date": "2020-07-07T20:05:03.972Z", "updated_date": "2020-07-07T20:14:52.204Z", "rank": 0.0, "topics": [77, 78, 79]}}, {"model": "qnA.question", "pk": 72, "fields": {"vote_score": 0, "num_vote_up": 0, "num_vote_down": 0, "title": "How do I learn Python?", "slug": "how-do-i-learn-python", "user": 18, "is_anonymous": false, "created_date": "2020-07-07T20:05:52.927Z", "updated_date": "2020-07-07T20:05:52.927Z", "rank": 0.0, "topics": [79, 80]}}, {"model": "qnA.question", "pk": 73, "fields": {"vote_score": 0, "num_vote_up": 0, "num_vote_down": 0, "title": "What are the best learning sites for Python?", "slug": "what-are-the-best-learning-sites-for-python", "user": 18, "is_anonymous": false, "created_date": "2020-07-07T20:06:04.835Z", "updated_date": "2020-07-07T20:06:04.835Z", "rank": 0.0, "topics": [78, 79, 81]}}, {"model": "qnA.question", "pk": 74, "fields": {"vote_score": 0, "num_vote_up": 0, "num_vote_down": 0, "title": "What has gone wrong at Chelsea FC?", "slug": "what-has-gone-wrong-at-chelsea-fc", "user": 18, "is_anonymous": false, "created_date": "2020-07-07T20:06:16.566Z", "updated_date": "2020-07-07T20:06:16.566Z", "rank": 0.0, "topics": [82, 83, 84]}}, {"model": "qnA.question", "pk": 75, "fields": {"vote_score": 0, "num_vote_up": 0, "num_vote_down": 0, "title": "What are some of the mind-blowing facts about Chelsea FC?", "slug": "what-are-some-of-the-mind-blowing-facts-about-chel", "user": 18, "is_anonymous": false, "created_date": "2020-07-07T20:06:27.880Z", "updated_date": "2020-07-07T20:06:27.880Z", "rank": 0.0, "topics": [63, 82, 83]}}, {"model": "qnA.question", "pk": 76, "fields": {"vote_score": 2, "num_vote_up": 2, "num_vote_down": 0, "title": "What should be the new transfer options for Chelsea FC?", "slug": "what-should-be-the-new-transfer-options-for-chelse", "user": 18, "is_anonymous": false, "created_date": "2020-07-07T20:06:43.812Z", "updated_date": "2020-07-07T20:15:00.342Z", "rank": 0.0, "topics": [82, 83, 85, 86]}}, {"model": "qnA.answer", "pk": 102, "fields": {"vote_score": 2, "num_vote_up": 2, "num_vote_down": 0, "question": 67, "ans": "<p class=\"q-text qu-display--block\" style=\"margin-right: 0px; margin-bottom: 1em; margin-left: 0px; padding: 0px; color: rgb(40, 40, 41); font-family: -apple-system, BlinkMacSystemFont, &quot;Segoe UI&quot;, Roboto, Oxygen-Sans, Ubuntu, Cantarell, &quot;Helvetica Neue&quot;, sans-serif; font-size: 15px; direction: ltr; overflow-wrap: break-word;\">Every fan has his opinion on this topic but during these last 10 years, it has been solely focused on 2 players: Messi and Cristiano. (not considering the future aspects like Neymar). Also,my answer is solely on men\u2019s football.</p><p class=\"q-text qu-display--block\" style=\"margin-right: 0px; margin-bottom: 1em; margin-left: 0px; padding: 0px; color: rgb(40, 40, 41); font-family: -apple-system, BlinkMacSystemFont, &quot;Segoe UI&quot;, Roboto, Oxygen-Sans, Ubuntu, Cantarell, &quot;Helvetica Neue&quot;, sans-serif; font-size: 15px; direction: ltr; overflow-wrap: break-word;\">For me, the best world footballer is no different than other usual players as it is a team sport and these best players provide edge to a team in front of their opponents. Not necessarily they will score at the end, maybe they will pass a ball which was very important for winning the match. Maybe they will help their team to stay motivated till the last whistle or maybe they will tackle like their life depends on it. So, If anyone has been very important to winning all the titles for a team is that best player.</p><p class=\"q-text qu-display--block\" style=\"margin-right: 0px; margin-bottom: 1em; margin-left: 0px; padding: 0px; color: rgb(40, 40, 41); font-family: -apple-system, BlinkMacSystemFont, &quot;Segoe UI&quot;, Roboto, Oxygen-Sans, Ubuntu, Cantarell, &quot;Helvetica Neue&quot;, sans-serif; font-size: 15px; direction: ltr; overflow-wrap: break-word;\">A best player in the world is someone who can do anything with his feet despite of his body constraints, one who is naturally talented and can see what others can\u2019t on the pitch of football.</p><p class=\"q-text qu-display--block\" style=\"margin-right: 0px; margin-bottom: 1em; margin-left: 0px; padding: 0px; color: rgb(40, 40, 41); font-family: -apple-system, BlinkMacSystemFont, &quot;Segoe UI&quot;, Roboto, Oxygen-Sans, Ubuntu, Cantarell, &quot;Helvetica Neue&quot;, sans-serif; font-size: 15px; direction: ltr; overflow-wrap: break-word;\"><span style=\"font-weight: bold;\">Lionel Andres Messi Cuccittini \u201cLeo\u201d&nbsp;</span><span style=\"font-weight: bold; font-style: italic;\">is by far the greatest footballer on the planet.</span></p><p class=\"q-text qu-display--block\" style=\"margin-right: 0px; margin-bottom: 1em; margin-left: 0px; padding: 0px; color: rgb(40, 40, 41); font-family: -apple-system, BlinkMacSystemFont, &quot;Segoe UI&quot;, Roboto, Oxygen-Sans, Ubuntu, Cantarell, &quot;Helvetica Neue&quot;, sans-serif; font-size: 15px; direction: ltr; overflow-wrap: break-word;\"><img src=\"/media/django-summernote/2020-07-08/76633c3d-a702-4615-92c2-dc6a1f628971.jpg\" style=\"width: 803px;\"><span style=\"font-weight: bold; font-style: italic;\"><br></span></p>", "user": 1, "is_anonymous": false, "created_date": "2020-07-07T20:08:47.327Z", "updated_date": "2020-07-08T20:20:43.430Z", "pin_answer": false}}, {"model": "qnA.answer", "pk": 103, "fields": {"vote_score": 0, "num_vote_up": 0, "num_vote_down": 0, "question": 64, "ans": "<p class=\"q-text qu-display--block\" style=\"margin-right: 0px; margin-bottom: 1em; margin-left: 0px; padding: 0px; color: rgb(40, 40, 41); font-family: -apple-system, BlinkMacSystemFont, &quot;Segoe UI&quot;, Roboto, Oxygen-Sans, Ubuntu, Cantarell, &quot;Helvetica Neue&quot;, sans-serif; font-size: 15px; direction: ltr; overflow-wrap: break-word;\">Yesterday's match</p><p class=\"q-text qu-display--block\" style=\"margin-right: 0px; margin-bottom: 1em; margin-left: 0px; padding: 0px; color: rgb(40, 40, 41); font-family: -apple-system, BlinkMacSystemFont, &quot;Segoe UI&quot;, Roboto, Oxygen-Sans, Ubuntu, Cantarell, &quot;Helvetica Neue&quot;, sans-serif; font-size: 15px; direction: ltr; overflow-wrap: break-word;\">(&nbsp;<span style=\"font-weight: bold; font-style: italic;\">IND vs NZ, 3rd ODI, Kanpur)</span></p><p class=\"q-text qu-display--block\" style=\"margin-right: 0px; margin-bottom: 1em; margin-left: 0px; padding: 0px; color: rgb(40, 40, 41); font-family: -apple-system, BlinkMacSystemFont, &quot;Segoe UI&quot;, Roboto, Oxygen-Sans, Ubuntu, Cantarell, &quot;Helvetica Neue&quot;, sans-serif; font-size: 15px; direction: ltr; overflow-wrap: break-word;\">( There was a list displayed by scorers showing that Virat Kohli became the fastest Batsman to cross 9000 runs in 194 innings followed by ABD( 205) , S. Ganguly ( 228) etc. )</p><p class=\"q-text qu-display--block\" style=\"margin-right: 0px; margin-bottom: 1em; margin-left: 0px; padding: 0px; color: rgb(40, 40, 41); font-family: -apple-system, BlinkMacSystemFont, &quot;Segoe UI&quot;, Roboto, Oxygen-Sans, Ubuntu, Cantarell, &quot;Helvetica Neue&quot;, sans-serif; font-size: 15px; direction: ltr; overflow-wrap: break-word;\">( in the&nbsp;<span style=\"font-weight: bold; font-style: italic;\">commentary box&nbsp;</span>)</p><p class=\"q-text qu-display--block\" style=\"margin-right: 0px; margin-bottom: 1em; margin-left: 0px; padding: 0px; color: rgb(40, 40, 41); font-family: -apple-system, BlinkMacSystemFont, &quot;Segoe UI&quot;, Roboto, Oxygen-Sans, Ubuntu, Cantarell, &quot;Helvetica Neue&quot;, sans-serif; font-size: 15px; direction: ltr; overflow-wrap: break-word;\"><span style=\"font-weight: bold; font-style: italic;\">Deep Dasgupta:&nbsp;</span>so, Viru, why are not you in the list?</p><p class=\"q-text qu-display--block\" style=\"margin-right: 0px; margin-bottom: 1em; margin-left: 0px; padding: 0px; color: rgb(40, 40, 41); font-family: -apple-system, BlinkMacSystemFont, &quot;Segoe UI&quot;, Roboto, Oxygen-Sans, Ubuntu, Cantarell, &quot;Helvetica Neue&quot;, sans-serif; font-size: 15px; direction: ltr; overflow-wrap: break-word;\"><span style=\"font-weight: bold; font-style: italic;\">Virender Sehwag: (</span>after gloryfying himself a bit<span style=\"font-weight: bold; font-style: italic;\">)&nbsp;</span><span style=\"font-style: italic;\">because I always believed in bettering my strike rate, rather than average&nbsp;</span>( and blah blah ! )</p><p class=\"q-text qu-display--block\" style=\"margin-right: 0px; margin-bottom: 1em; margin-left: 0px; padding: 0px; color: rgb(40, 40, 41); font-family: -apple-system, BlinkMacSystemFont, &quot;Segoe UI&quot;, Roboto, Oxygen-Sans, Ubuntu, Cantarell, &quot;Helvetica Neue&quot;, sans-serif; font-size: 15px; direction: ltr; overflow-wrap: break-word;\"><span style=\"font-weight: bold; font-style: italic;\">VVS &amp; DD Gupta :&nbsp;</span>but still ?</p><p class=\"q-text qu-display--block\" style=\"margin-right: 0px; margin-bottom: 1em; margin-left: 0px; padding: 0px; color: rgb(40, 40, 41); font-family: -apple-system, BlinkMacSystemFont, &quot;Segoe UI&quot;, Roboto, Oxygen-Sans, Ubuntu, Cantarell, &quot;Helvetica Neue&quot;, sans-serif; font-size: 15px; direction: ltr; overflow-wrap: break-word;\"><span style=\"font-weight: bold; font-style: italic;\">Virender Sehwaag: \u201c</span><span style=\"font-style: italic;\">scorers chahte to mera naam bhi is list mein daal date, thodi hera-pheri hi to karni thi, main bhi top par aa jaata\u201d</span></p><p class=\"q-text qu-display--block\" style=\"margin-right: 0px; margin-bottom: 1em; margin-left: 0px; padding: 0px; color: rgb(40, 40, 41); font-family: -apple-system, BlinkMacSystemFont, &quot;Segoe UI&quot;, Roboto, Oxygen-Sans, Ubuntu, Cantarell, &quot;Helvetica Neue&quot;, sans-serif; font-size: 15px; direction: ltr; overflow-wrap: break-word;\">( if the scorers would want my name would have also featured in the list making me appear in the top )</p><p class=\"q-text qu-display--block\" style=\"margin-right: 0px; margin-bottom: 1em; margin-left: 0px; padding: 0px; color: rgb(40, 40, 41); font-family: -apple-system, BlinkMacSystemFont, &quot;Segoe UI&quot;, Roboto, Oxygen-Sans, Ubuntu, Cantarell, &quot;Helvetica Neue&quot;, sans-serif; font-size: 15px; direction: ltr; overflow-wrap: break-word;\">Now take a look..</p><p class=\"q-text qu-display--block\" style=\"margin-right: 0px; margin-bottom: 1em; margin-left: 0px; padding: 0px; color: rgb(40, 40, 41); font-family: -apple-system, BlinkMacSystemFont, &quot;Segoe UI&quot;, Roboto, Oxygen-Sans, Ubuntu, Cantarell, &quot;Helvetica Neue&quot;, sans-serif; font-size: 15px; direction: ltr; overflow-wrap: break-word;\">Virender Sehwag's ODI stats</p>", "user": 1, "is_anonymous": false, "created_date": "2020-07-07T20:10:43.959Z", "updated_date": "2020-07-07T20:10:43.959Z", "pin_answer": false}}, {"model": "qnA.answer", "pk": 104, "fields": {"vote_score": 0, "num_vote_up": 0, "num_vote_down": 0, "question": 67, "ans": "<p><div class=\"CssComponent-sc-1oskqb9-0 QTextImage___StyledCssComponent-sc-1yi3aau-0 ilDNcJ\" style=\"color: rgb(40, 40, 41); font-family: -apple-system, BlinkMacSystemFont, &quot;Segoe UI&quot;, Roboto, Oxygen-Sans, Ubuntu, Cantarell, &quot;Helvetica Neue&quot;, sans-serif; font-size: 15px; font-style: normal; font-variant-ligatures: normal; font-variant-caps: normal; font-weight: 400; letter-spacing: normal; orphans: 2; text-align: left; text-indent: 0px; text-transform: none; white-space: normal; widows: 2; word-spacing: 0px; -webkit-text-stroke-width: 0px; background-color: rgb(255, 255, 255); text-decoration-style: initial; text-decoration-color: initial;\"></div></p><p class=\"q-text qu-display--block\" style=\"margin: 0px 0px 1em; padding: 0px; display: block; color: rgb(40, 40, 41); font-family: -apple-system, BlinkMacSystemFont, &quot;Segoe UI&quot;, Roboto, Oxygen-Sans, Ubuntu, Cantarell, &quot;Helvetica Neue&quot;, sans-serif; font-size: 15px; font-style: normal; font-variant-ligatures: normal; font-variant-caps: normal; font-weight: 400; letter-spacing: normal; orphans: 2; text-indent: 0px; text-transform: none; white-space: normal; widows: 2; word-spacing: 0px; -webkit-text-stroke-width: 0px; background-color: rgb(255, 255, 255); text-decoration-style: initial; text-decoration-color: initial; box-sizing: border-box; direction: ltr; overflow-wrap: break-word; text-align: start;\"><span style=\"font-weight: normal; font-style: normal;\">As much as I hate to admit it, because I'm a Real Madrid fan, it's true. Lionel Messi is the best player right now and he's the best player ever when we look at the numbers. But football is not just numbers is it? For me, it's the joy that brings\u200b to the people who love the game which matters the most. I'm not saying that Messi doesn't make me feel that way. He's a magician with the ball at his feet. So is Cristiano at his best. But the<span>&nbsp;</span></span><span style=\"font-weight: bold; font-style: normal;\">absolute bloody best-ever?</span><span style=\"font-weight: normal; font-style: normal;\"><span>&nbsp;</span>I doubt it. Because I've seen this man in action.</span></p>", "user": 18, "is_anonymous": false, "created_date": "2020-07-07T20:11:42.199Z", "updated_date": "2020-07-07T20:11:42.199Z", "pin_answer": false}}, {"model": "qnA.answer", "pk": 105, "fields": {"vote_score": 1, "num_vote_up": 1, "num_vote_down": 0, "question": 67, "ans": "<p>Lorem ipsum dolor sit amet, consectetur adipiscing elit, sed do eiusmod tempor incididunt ut labore et dolore magna aliqua. Ut enim ad minim veniam, quis nostrud exercitation ullamco laboris nisi ut aliquip ex ea commodo consequat. Duis aute irure dolor in reprehenderit in voluptate velit esse cillum dolore eu fugiat nulla pariatur. Excepteur sint occaecat cupidatat non proident, sunt in culpa qui officia deserunt mollit anim id est laborum.<br></p>", "user": 16, "is_anonymous": false, "created_date": "2020-07-07T20:13:05.337Z", "updated_date": "2020-07-07T20:13:12.382Z", "pin_answer": false}}, {"model": "qnA.answer", "pk": 106, "fields": {"vote_score": 0, "num_vote_up": 0, "num_vote_down": 0, "question": 76, "ans": "<p>Lorem ipsum dolor sit amet, consectetur adipiscing elit, sed do eiusmod tempor incididunt ut labore et dolore magna aliqua. Ut enim ad minim veniam, quis nostrud exercitation ullamco laboris nisi ut aliquip ex ea commodo consequat. Duis aute irure dolor in reprehenderit in voluptate velit esse cillum dolore eu fugiat nulla pariatur. Excepteur sint occaecat cupidatat non proident, sunt in culpa qui officia deserunt mollit anim id est laborum.<span style=\"font-size: 1rem;\">Lorem ipsum dolor sit amet, consectetur adipiscing elit, sed do eiusmod tempor incididunt ut labore et dolore magna aliqua. Ut enim ad minim veniam, quis nostrud exercitation ullamco laboris nisi ut aliquip ex ea commodo consequat. Duis aute irure dolor in reprehenderit in voluptate velit esse cillum dolore eu fugiat nulla pariatur. Excepteur sint occaecat cupidatat non proident, sunt in culpa qui officia deserunt mollit anim id est laborum.</span><span style=\"font-size: 1rem;\">Lorem ipsum dolor sit amet, consectetur adipiscing elit, sed do eiusmod tempor incididunt ut labore et dolore magna aliqua. Ut enim ad minim veniam, quis nostrud exercitation ullamco laboris nisi ut aliquip ex ea commodo consequat. Duis aute irure dolor in reprehenderit in voluptate velit esse cillum dolore eu fugiat nulla pariatur. Excepteur sint occaecat cupidatat non proident, sunt in culpa qui officia deserunt mollit anim id est laborum.</span><img src=\"/media/django-summernote/2020-07-08/68f9a776-b277-4bc6-9a2d-fd14448d844e.jpg\" style=\"width: 803px;\"><br></p>", "user": 16, "is_anonymous": true, "created_date": "2020-07-07T20:13:43.403Z", "updated_date": "2020-07-07T20:13:43.403Z", "pin_answer": false}}, {"model": "qnA.answer", "pk": 107, "fields": {"vote_score": 0, "num_vote_up": 0, "num_vote_down": 0, "question": 75, "ans": "<p>Lorem ipsum dolor sit amet, consectetur adipiscing elit, sed do eiusmod tempor incididunt ut labore et dolore magna aliqua. Ut enim ad minim veniam, quis nostrud exercitation ullamco laboris nisi ut aliquip ex ea commodo consequat. Duis aute irure dolor in reprehenderit in voluptate velit esse cillum dolore eu fugiat nulla pariatur. Excepteur sint occaecat cupidatat non proident, sunt in culpa qui officia deserunt mollit anim id est laborum.<span style=\"font-size: 1rem;\">Lorem ipsum dolor sit amet, consectetur adipiscing elit, sed do eiusmod tempor incididunt ut labore et dolore magna aliqua. Ut enim ad minim veniam, quis nostrud exercitation ullamco laboris nisi ut aliquip ex ea commodo consequat. Duis aute irure dolor in reprehenderit in voluptate velit esse cillum dolore eu fugiat nulla pariatur. Excepteur sint occaecat cupidatat non proident, sunt in culpa qui officia deserunt mollit anim id est laborum.</span><span style=\"font-size: 1rem;\">Lorem ipsum dolor sit amet, consectetur adipiscing elit, sed do eiusmod tempor incididunt ut labore et dolore magna aliqua. Ut enim ad minim veniam, quis nostrud exercitation ullamco laboris nisi ut aliquip ex ea commodo consequat. Duis aute irure dolor in reprehenderit in voluptate velit esse cillum dolore eu fugiat nulla pariatur. Excepteur sint occaecat cupidatat non proident, sunt in culpa qui officia deserunt mollit anim id est laborum.</span><span style=\"font-size: 1rem;\">Lorem ipsum dolor sit amet, consectetur adipiscing elit, sed do eiusmod tempor incididunt ut labore et dolore magna aliqua. Ut enim ad minim veniam, quis nostrud exercitation ullamco laboris nisi ut aliquip ex ea commodo consequat. Duis aute irure dolor in reprehenderit in voluptate velit esse cillum dolore eu fugiat nulla pariatur. Excepteur sint occaecat cupidatat non proident, sunt in culpa qui officia deserunt mollit anim id est laborum.</span><br></p>", "user": 16, "is_anonymous": false, "created_date": "2020-07-07T20:14:07.804Z", "updated_date": "2020-07-07T20:14:07.804Z", "pin_answer": false}}, {"model": "qnA.answer", "pk": 108, "fields": {"vote_score": 0, "num_vote_up": 0, "num_vote_down": 0, "question": 70, "ans": "<p>Lorem ipsum dolor sit amet, consectetur adipiscing elit, sed do eiusmod tempor incididunt ut labore et dolore magna aliqua. Ut enim ad minim veniam, quis nostrud exercitation ullamco laboris nisi ut aliquip ex ea commodo consequat. Duis aute irure dolor in reprehenderit in voluptate velit esse cillum dolore eu fugiat nulla pariatur. Excepteur sint occaecat cupidatat non proident, sunt in culpa qui officia deserunt mollit anim id est laborum.<span style=\"font-size: 1rem;\">Lorem ipsum dolor sit amet, consectetur adipiscing elit, sed do eiusmod tempor incididunt ut labore et dolore magna aliqua. Ut enim ad minim veniam, quis nostrud exercitation ullamco laboris nisi ut aliquip ex ea commodo consequat. Duis aute irure dolor in reprehenderit in voluptate velit esse cillum dolore eu fugiat nulla pariatur. Excepteur sint occaecat cupidatat non proident, sunt in culpa qui officia deserunt mollit anim id est laborum.</span><span style=\"font-size: 1rem;\">Lorem ipsum dolor sit amet, consectetur adipiscing elit, sed do eiusmod tempor incididunt ut labore et dolore magna aliqua. Ut enim ad minim veniam, quis nostrud exercitation ullamco laboris nisi ut aliquip ex ea commodo consequat. Duis aute irure dolor in reprehenderit in voluptate velit esse cillum dolore eu fugiat nulla pariatur. Excepteur sint occaecat cupidatat non proident, sunt in culpa qui officia deserunt mollit anim id est laborum.</span><span style=\"font-size: 1rem;\">Lorem ipsum dolor sit amet, consectetur adipiscing elit, sed do eiusmod tempor incididunt ut labore et dolore magna aliqua. Ut enim ad minim veniam, quis nostrud exercitation ullamco laboris nisi ut aliquip ex ea commodo consequat. Duis aute irure dolor in reprehenderit in voluptate velit esse cillum dolore eu fugiat nulla pariatur. Excepteur sint occaecat cupidatat non proident, sunt in culpa qui officia deserunt mollit anim id est laborum.</span><br></p>", "user": 16, "is_anonymous": false, "created_date": "2020-07-07T20:14:25.307Z", "updated_date": "2020-07-07T20:14:25.307Z", "pin_answer": false}}, {"model": "qnA.answer", "pk": 109, "fields": {"vote_score": 1, "num_vote_up": 1, "num_vote_down": 0, "question": 71, "ans": "<p>Lorem ipsum dolor sit amet, consectetur adipiscing elit, sed do eiusmod tempor incididunt ut labore et dolore magna aliqua. Ut enim ad minim veniam, quis nostrud exercitation ullamco laboris nisi ut aliquip ex ea commodo consequat. Duis aute irure dolor in reprehenderit in voluptate velit esse cillum dolore eu fugiat nulla pariatur. Excepteur sint occaecat cupidatat non proident, sunt in culpa qui officia deserunt mollit anim id est laborum.<span style=\"font-size: 1rem;\">Lorem ipsum dolor sit amet, consectetur adipiscing elit, sed do eiusmod tempor incididunt ut labore et dolore magna aliqua. Ut enim ad minim veniam, quis nostrud exercitation ullamco laboris nisi ut aliquip ex ea commodo consequat. Duis aute irure dolor in reprehenderit in voluptate velit esse cillum dolore eu fugiat nulla pariatur. Excepteur sint occaecat cupidatat non proident, sunt in culpa qui officia deserunt mollit anim id est laborum.</span><span style=\"font-size: 1rem;\">Lorem ipsum dolor sit amet, consectetur adipiscing elit, sed do eiusmod tempor incididunt ut labore et dolore magna aliqua. Ut enim ad minim veniam, quis nostrud exercitation ullamco laboris nisi ut aliquip ex ea commodo consequat. Duis aute irure dolor in reprehenderit in voluptate velit esse cillum dolore eu fugiat nulla pariatur. Excepteur sint occaecat cupidatat non proident, sunt in culpa qui officia deserunt mollit anim id est laborum.</span><span style=\"font-size: 1rem;\">Lorem ipsum dolor sit amet, consectetur adipiscing elit, sed do eiusmod tempor incididunt ut labore et dolore magna aliqua. Ut enim ad minim veniam, quis nostrud exercitation ullamco laboris nisi ut aliquip ex ea commodo consequat. Duis aute irure dolor in reprehenderit in voluptate velit esse cillum dolore eu fugiat nulla pariatur. Excepteur sint occaecat cupidatat non proident, sunt in culpa qui officia deserunt mollit anim id est laborum.</span><span style=\"font-size: 1rem;\">Lorem ipsum dolor sit amet, consectetur adipiscing elit, sed do eiusmod tempor incididunt ut labore et dolore magna aliqua. Ut enim ad minim veniam, quis nostrud exercitation ullamco laboris nisi ut aliquip ex ea commodo consequat. Duis aute irure dolor in reprehenderit in voluptate velit esse cillum dolore eu fugiat nulla pariatur. Excepteur sint occaecat cupidatat non proident, sunt in culpa qui officia deserunt mollit anim id est laborum.</span><span style=\"font-size: 1rem;\">Lorem ipsum dolor sit amet, consectetur adipiscing elit, sed do eiusmod tempor incididunt ut labore et dolore magna aliqua. Ut enim ad minim veniam, quis nostrud exercitation ullamco laboris nisi ut aliquip ex ea commodo consequat. Duis aute irure dolor in reprehenderit in voluptate velit esse cillum dolore eu fugiat nulla pariatur. Excepteur sint occaecat cupidatat non proident, sunt in culpa qui officia deserunt mollit anim id est laborum.</span><span style=\"font-size: 1rem;\">Lorem ipsum dolor sit amet, consectetur adipiscing elit, sed do eiusmod tempor incididunt ut labore et dolore magna aliqua. Ut enim ad minim veniam, quis nostrud exercitation ullamco laboris nisi ut aliquip ex ea commodo consequat. Duis aute irure dolor in reprehenderit in voluptate velit esse cillum dolore eu fugiat nulla pariatur. Excepteur sint occaecat cupidatat non proident, sunt in culpa qui officia deserunt mollit anim id est laborum.</span><span style=\"font-size: 1rem;\">Lorem ipsum dolor sit amet, consectetur adipiscing elit, sed do eiusmod tempor incididunt ut labore et dolore magna aliqua. Ut enim ad minim veniam, quis nostrud exercitation ullamco laboris nisi ut aliquip ex ea commodo consequat. Duis aute irure dolor in reprehenderit in voluptate velit esse cillum dolore eu fugiat nulla pariatur. Excepteur sint occaecat cupidatat non proident, sunt in culpa qui officia deserunt mollit anim id est laborum.</span><br></p>", "user": 16, "is_anonymous": false, "created_date": "2020-07-07T20:14:38.183Z", "updated_date": "2020-07-07T20:14:42.472Z", "pin_answer": false}}, {"model": "qnA.answer", "pk": 110, "fields": {"vote_score": 0, "num_vote_up": 0, "num_vote_down": 0, "question": 74, "ans": "<p><b>Lorem ipsum dolor sit amet, cons</b>ectetur adipiscing elit, sed do eiusmod tempor incididunt ut labore et dolore magna aliqua. Ut enim ad minim veniam, quis nostrud exercitation ullamco laboris nisi ut aliquip ex ea commodo consequat. Duis aute irure dolor in reprehenderit in voluptate velit esse cillum dolore eu fugiat nulla pariatur. Excepteur sint occaecat cupidatat non proident, sunt in culpa qui officia deserunt mollit anim id est laborum.<span style=\"font-size: 1rem;\">Lorem ipsum dolor sit amet, consectetur adipiscing elit, sed do eiusmod tempor incididunt ut labore et dolore magna aliqua. Ut enim ad minim veniam, quis nostrud exercitation ullamco laboris nisi ut aliquip ex ea commodo consequat. Duis aute irure dolor in reprehenderit in voluptate velit esse cillum dolore eu fugiat nulla pariatur. Excepteur sint occaecat cupidatat non proident, sunt in culpa qui officia deserunt mollit anim id est laborum.</span><span style=\"font-size: 1rem;\">Lorem ipsum dolor sit amet, consectetur adipiscing elit, sed do eiusmod tempor incididunt ut labore et dolore magna aliqua. Ut enim ad minim veniam, quis nostrud exercitation ullamco laboris nisi ut aliquip ex ea commodo consequat. Duis aute irure dolor in reprehenderit in voluptate velit esse cillum dolore eu fugiat nulla pariatur. Excepteur sint occaecat cupidatat non proident, sunt in culpa qui officia deserunt mollit anim id est laborum.</span><span style=\"font-size: 1rem;\">Lorem ipsum dolor sit amet, consectetur adipiscing elit, sed do eiusmod tempor incididunt ut labore et dolore magna aliqua. Ut enim ad minim veniam, quis nostrud exercitation ullamco laboris nisi ut aliquip ex ea commodo consequat. Duis aute irure dolor in reprehenderit in voluptate velit esse cillum dolore eu fugiat nulla pariatur. Excepteur sint occaecat cupidatat non proident, sunt in culpa qui officia deserunt mollit anim id est laborum.</span><br></p>", "user": 16, "is_anonymous": false, "created_date": "2020-07-07T20:15:43.651Z", "updated_date": "2020-07-07T20:15:43.651Z", "pin_answer": false}}, {"model": "qnA.answer", "pk": 111, "fields": {"vote_score": 0, "num_vote_up": 0, "num_vote_down": 0, "question": 72, "ans": "<p><b>Lorem ipsum dolor sit amet, consectetur adipiscing elit, sed do eiusmod tempor incididunt ut labore et dolore magna aliqua. Ut enim ad minim veniam, quis nostrud exercitation ullamco laboris nisi ut aliquip ex ea commodo consequat. Duis aute irure dolor in reprehenderit in voluptate velit esse cillum dolore eu fugiat nulla pariatur. Excepteur sint occaecat cupidatat non proident, sunt in culpa qui officia deserunt mollit anim id est laborum.Lorem ipsum dolor sit amet, consectetur adipiscing elit, sed do eiusmod tempor incididunt ut labore et dolore magna aliqua. Ut enim ad minim veniam, quis nostrud exercitation ullamco laboris nisi ut aliquip ex ea commodo consequat. Duis aute irure dolor in reprehenderit in voluptate velit esse cillum dolore eu fugiat nulla pariatur. Excepteur sint occaecat cupidatat non proident, sunt in culpa qui officia deserunt mollit anim id est laborum.Lorem ipsum dolor sit amet, consectetur adipiscing elit, sed do eiusmod tempor incididunt ut labore et dolore magna aliqua. Ut enim ad minim veniam, quis nostrud exercitation ullamco laboris nisi ut aliquip ex ea commodo consequat. Duis aute irure dolor in reprehenderit in voluptate velit esse cillum dolore eu fugiat nulla pariatur. Excepteur sint occaecat cupidatat non proident, sunt in culpa qui officia deserunt mollit anim id est laborum.Lorem ipsum dolor sit amet, consectetur adipiscing elit, sed do eiusmod tempor incididunt ut labore et dolore magna aliqua. Ut enim ad minim veniam, quis nostrud exercitation ullamco laboris nisi ut aliquip ex ea commodo consequat. Duis aute irure dolor in reprehenderit in voluptate velit esse cillum dolore eu fugiat nulla pariatur. Excepteur sint occaecat cupidatat non proident, sunt in culpa qui officia deserunt mollit anim id est laborum.</b><br></p>", "user": 15, "is_anonymous": false, "created_date": "2020-07-07T20:16:36.476Z", "updated_date": "2020-07-07T20:20:00.959Z", "pin_answer": true}}, {"model": "qnA.followquestion", "pk": 63, "fields": {"question": 67, "user": 18}}]